<?xml version="1.0" encoding="UTF-8"?>
<templates id="template" xml:space="preserve">
    <t t-inherit="point_of_sale.Navbar" t-inherit-mode="extension">
        <xpath expr="//li[hasclass('ticket-button')]" position="after">
            <li>
                <a class="dropdown-item with-badge py-2" style="display: flex; justify-content: space-between;">
                    Auto Approve
                    <div class="form-check form-switch">
                        <input class="form-check-input" type="checkbox" role="switch"
                               t-att-checked="this.pos.config.auto_approve"
                               t-on-change="autoApproveOrders"
                               id="autoApproveToggle"/>
                    </div>
                </a>
            </li>
            <li t-on-click="onClickOnlineOrder">
                <a class="dropdown-item with-badge py-2">
                    Online Orders
                    <span t-if="state.onlineOrderCount>0" class="badge text-bg-info rounded-pill py-1 ms-2"
                          t-esc="state.onlineOrderCount"/>
                </a>
            </li>
        </xpath>
    </t>
</templates>
